tree,sample,lat,lon,fenced,distance_from_edge,sample_type,plate,row,col,fwd_filepath,rev_filepath,elevation
NA,epi_blank_2,NA,NA,NA,NA,epiphyte,1,A,1,NA,NA,NA
b1,end_b1,38.52785,-111.74683,no,NA,endophyte,1,B,1,NA,NA,2715.84
a4,end_a4,38.52899,-111.74707,no,NA,endophyte,1,C,1,NA,NA,2726.54
h5,end_h5,38.52337,-111.75168,yes,NA,endophyte,1,D,1,NA,NA,2723.38
j2,end_j2,38.5261,-111.75269,yes,NA,endophyte,1,E,1,NA,NA,2776.61
a25,end_a25,38.52282,-111.75266,no,NA,endophyte,1,F,1,NA,NA,2725.3
j8,epi_j8,38.52533,-111.7501,yes,NA,epiphyte,1,G,1,NA,NA,2727.5
a7,epi_a7,38.52825,-111.74721,no,NA,epiphyte,1,H,1,NA,NA,2722.37
d1,end_d1,38.52608,-111.74794,yes,NA,endophyte,1,A,2,NA,NA,2710.85
a29,end_a29,38.52161,-111.75378,no,NA,endophyte,1,B,2,NA,NA,2718.26
d2,end_d2,38.52595,-111.7478,yes,NA,endophyte,1,C,2,NA,NA,2708.31
j10,end_j10,38.52538,-111.74939,yes,NA,endophyte,1,D,2,NA,NA,2721.59
h2,end_h2,38.52394,-111.75238,yes,NA,endophyte,1,E,2,NA,NA,2734.6
a17,end_a17,38.5255,-111.74918,yes,NA,endophyte,1,F,2,NA,NA,2720.88
a13,epi_a13,38.5268,-111.74903,yes,NA,epiphyte,1,G,2,NA,NA,2728.35
j9,epi_j9,38.52525,-111.74982,yes,NA,epiphyte,1,H,2,NA,NA,2724.22
f6,end_f6,38.52357,-111.75073,no,NA,endophyte,1,A,3,NA,NA,2717.59
c4,end_c4,38.52653,-111.74684,yes,NA,endophyte,1,B,3,NA,NA,2704.5
j6,end_j6,38.52568,-111.75092,yes,NA,endophyte,1,C,3,NA,NA,2742.6
g5,end_g5,38.52388,-111.75259,yes,NA,endophyte,1,D,3,NA,NA,2735.34
j11,end_j11,38.52531,-111.74893,yes,NA,endophyte,1,E,3,NA,NA,2716.43
f2,end_f2,38.52285,-111.7495,no,NA,endophyte,1,F,3,NA,NA,2703.38
a26,epi_a26,38.52251,-111.75327,no,NA,epiphyte,1,G,3,NA,NA,2725.68
a5,epi_a5,38.52876,-111.74717,no,NA,epiphyte,1,H,3,NA,NA,2726.17
a5,end_a5,38.52876,-111.74717,no,NA,endophyte,1,A,4,NA,NA,2726.17
a1,end_a1,38.52928,-111.74569,no,NA,endophyte,1,B,4,NA,NA,2726.16
j7,end_j7,38.52549,-111.75053,yes,NA,endophyte,1,C,4,NA,NA,2735.31
f3,end_f3,38.52322,-111.74998,no,NA,endophyte,1,D,4,NA,NA,2707.76
h6,end_h6,38.52331,-111.75155,no,NA,endophyte,1,E,4,NA,NA,2721.41
k5,end_k5,38.52975,-111.74677,no,NA,endophyte,1,F,4,NA,NA,2732.1
c5,end_c5,38.52682,-111.7472,yes,NA,endophyte,1,G,4,NA,NA,2709.44
a6,epi_a6,38.52836,-111.74717,no,NA,epiphyte,1,H,4,NA,NA,2723.15
k1,end_k1,38.52937,-111.74583,no,NA,endophyte,1,A,5,NA,NA,2727.18
d4,end_d4,38.52588,-111.74762,yes,NA,endophyte,1,B,5,NA,NA,2706.67
a26,end_a26,38.52251,-111.75327,no,NA,endophyte,1,C,5,NA,NA,2725.68
j4,end_j4,38.52594,-111.75173,yes,NA,endophyte,1,D,5,NA,NA,2757.77
b4,end_b4,38.52747,-111.74536,no,NA,endophyte,1,E,5,NA,NA,2705.43
g1,end_g1,38.52312,-111.75191,yes,NA,endophyte,1,F,5,NA,NA,2722.94
e4,end_e4,38.52377,-111.74941,yes,NA,endophyte,1,G,5,NA,NA,2708.09
a19,epi_a19,38.52452,-111.75043,yes,NA,epiphyte,1,H,5,NA,NA,2724.23
f1,end_f1,38.52244,-111.74895,no,NA,endophyte,1,A,6,NA,NA,2699.38
a7,end_a7,38.52825,-111.74721,no,NA,endophyte,1,B,6,NA,NA,2722.37
a14,end_a14,38.52655,-111.74905,yes,NA,endophyte,1,C,6,NA,NA,2727.1
a23,end_a23,38.52351,-111.75195,yes,NA,endophyte,1,D,6,NA,NA,2727.41
g2,end_g2,38.5232,-111.7522,yes,NA,endophyte,1,E,6,NA,NA,2726
e3,epi_e3,38.52375,-111.74891,yes,NA,epiphyte,1,F,6,NA,NA,2705.04
f3,epi_f3,38.52322,-111.74998,no,NA,epiphyte,1,G,6,NA,NA,2707.76
h3,epi_h3,38.52377,-111.75209,yes,NA,epiphyte,1,H,6,NA,NA,2730.38
a13,end_a13,38.5268,-111.74903,yes,NA,endophyte,1,A,7,NA,NA,2728.35
g4,end_g4,38.52343,-111.75285,yes,NA,endophyte,1,B,7,NA,NA,2732.45
i5,end_i5,38.52454,-111.75146,yes,NA,endophyte,1,C,7,NA,NA,2734.59
a3,end_a3,38.52878,-111.74646,no,NA,endophyte,1,D,7,NA,NA,2721.89
c3,end_c3,38.52663,-111.74642,yes,NA,endophyte,1,E,7,NA,NA,2703.77
i3,epi_i3,38.52399,-111.75126,yes,NA,epiphyte,1,F,7,NA,NA,2726.81
j6,epi_j6,38.52568,-111.75092,yes,NA,epiphyte,1,G,7,NA,NA,2742.6
j7,epi_j7,38.52549,-111.75053,yes,NA,epiphyte,1,H,7,NA,NA,2735.31
a24,end_a24,38.52323,-111.75237,yes,NA,endophyte,1,A,8,NA,NA,2727.21
i4,end_i4,38.52433,-111.75139,yes,NA,endophyte,1,B,8,NA,NA,2730.21
b3,end_b3,38.52745,-111.74618,no,NA,endophyte,1,C,8,NA,NA,2708.59
a21,end_a21,38.5241,-111.75113,yes,NA,endophyte,1,D,8,NA,NA,2726.82
a24,epi_a24,38.52323,-111.75237,yes,NA,epiphyte,1,E,8,NA,NA,2727.21
k2,end_k2,38.52954,-111.74617,no,NA,endophyte,1,F,8,NA,NA,2728.53
h2,epi_h2,38.52394,-111.75238,yes,NA,epiphyte,1,G,8,NA,NA,2734.6
a29,epi_a29,38.52161,-111.75378,no,NA,epiphyte,1,H,8,NA,NA,2718.26
e2,end_e2,38.52361,-111.74862,yes,NA,endophyte,1,A,9,NA,NA,2702.59
a27,end_a27,38.5218,-111.75351,no,NA,endophyte,1,B,9,NA,NA,2719.19
a17,epi_a17,38.5255,-111.74918,yes,NA,epiphyte,1,C,9,NA,NA,2720.88
j10,epi_j10,38.52538,-111.74939,yes,NA,epiphyte,1,D,9,NA,NA,2721.59
j2,epi_j2,38.5261,-111.75269,yes,NA,epiphyte,1,E,9,NA,NA,2776.61
h5,epi_h5,38.52337,-111.75168,yes,NA,epiphyte,1,F,9,NA,NA,2723.38
a23,epi_a23,38.52351,-111.75195,yes,NA,epiphyte,1,G,9,NA,NA,2727.41
a11,epi_a11,38.52724,-111.74861,yes,NA,epiphyte,1,H,9,NA,NA,2727.18
g7,end_g7,38.52478,-111.75275,yes,NA,endophyte,1,A,10,NA,NA,2752.56
NA,epi_blank_1,NA,NA,NA,NA,epiphyte,1,B,10,NA,NA,NA
h3,end_h3,38.52377,-111.75209,yes,NA,endophyte,1,C,10,NA,NA,2730.38
j4,epi_j4,38.52594,-111.75173,yes,NA,epiphyte,1,D,10,NA,NA,2757.77
a25,epi_a25,38.52282,-111.75266,no,NA,epiphyte,1,E,10,NA,NA,2725.3
g4,epi_g4,38.52343,-111.75285,yes,NA,epiphyte,1,F,10,NA,NA,2732.45
d2,epi_d2,38.52595,-111.7478,yes,NA,epiphyte,1,G,10,NA,NA,2708.31
g1,epi_g1,38.52312,-111.75191,yes,NA,epiphyte,1,H,10,NA,NA,2722.94
i1,end_i1,38.52363,-111.75106,yes,NA,endophyte,1,A,11,NA,NA,2719.48
g5,epi_g5,38.52388,-111.75259,yes,NA,epiphyte,1,B,11,NA,NA,2735.34
k5,epi_k5,38.52975,-111.74677,no,NA,epiphyte,1,C,11,NA,NA,2732.1
a4,epi_a4,38.52899,-111.74707,no,NA,epiphyte,1,D,11,NA,NA,2726.54
i5,epi_i5,38.52454,-111.75146,yes,NA,epiphyte,1,E,11,NA,NA,2734.59
a18,epi_a18,38.5249,-111.7497,yes,NA,epiphyte,1,F,11,NA,NA,2720.76
e2,epi_e2,38.52361,-111.74862,yes,NA,epiphyte,1,G,11,NA,NA,2702.59
a8,epi_a8,38.52819,-111.74794,no,NA,epiphyte,1,H,11,NA,NA,2729.72
i2,end_i2,38.52378,-111.75122,yes,NA,endophyte,1,A,12,NA,NA,2724.18
c3,epi_c3,38.52663,-111.74642,yes,NA,epiphyte,1,B,12,NA,NA,2703.77
i1,epi_i1,38.52363,-111.75106,yes,NA,epiphyte,1,C,12,NA,NA,2719.48
j11,epi_j11,38.52531,-111.74893,yes,NA,epiphyte,1,D,12,NA,NA,2716.43
k3,epi_k3,38.5296,-111.74644,no,NA,epiphyte,1,E,12,NA,NA,2730.05
NA,NA,NA,NA,NA,NA,NA,1,F,12,NA,NA,NA
NA,NA,NA,NA,NA,NA,NA,1,G,12,NA,NA,NA
NA,NA,NA,NA,NA,NA,NA,1,H,12,NA,NA,NA
i2,epi_i2,38.52378,-111.75122,yes,NA,epiphyte,2,A,1,NA,NA,2724.18
a2,epi_a2,38.52917,-111.7458,no,NA,epiphyte,2,B,1,NA,NA,2724.96
d5,epi_d5,38.52576,-111.7471,yes,NA,epiphyte,2,C,1,NA,NA,2702.22
a9,epi_a9,38.52786,-111.74822,no,NA,epiphyte,2,D,1,NA,NA,2728.44
g2,epi_g2,38.5232,-111.7522,yes,NA,epiphyte,2,E,1,NA,NA,2726
f1,epi_f1,38.52244,-111.74895,no,NA,epiphyte,2,F,1,NA,NA,2699.38
f2,epi_f2,38.52285,-111.7495,no,NA,epiphyte,2,G,1,NA,NA,2703.38
b5,epi_b5,38.52755,-111.74496,no,NA,epiphyte,2,H,1,NA,NA,2704.08
c6,epi_c6,38.52699,-111.74737,yes,NA,epiphyte,2,A,2,NA,NA,2712.02
g3,epi_g3,38.5233,-111.7525,yes,NA,epiphyte,2,B,2,NA,NA,2728.83
d4,epi_d4,38.52588,-111.74762,yes,NA,epiphyte,2,C,2,NA,NA,2706.67
e1,epi_e1,38.52361,-111.74828,yes,NA,epiphyte,2,D,2,NA,NA,2700.5
k4,epi_k4,38.52971,-111.74688,no,NA,epiphyte,2,E,2,NA,NA,2732.49
a22,epi_a22,38.52383,-111.75158,yes,NA,epiphyte,2,F,2,NA,NA,2727.59
j5,epi_j5,38.52583,-111.75126,yes,NA,epiphyte,2,G,2,NA,NA,2749.71
e4,epi_e4,38.52377,-111.74941,yes,NA,epiphyte,2,H,2,NA,NA,2708.09
a21,epi_a21,38.5241,-111.75113,yes,NA,epiphyte,2,A,3,NA,NA,2726.82
d1,epi_d1,38.52608,-111.74794,yes,NA,epiphyte,2,B,3,NA,NA,2710.85
c2,epi_c2,38.5266,-111.74606,yes,NA,epiphyte,2,C,3,NA,NA,2702.25
b3,epi_b3,38.52745,-111.74618,no,NA,epiphyte,2,D,3,NA,NA,2708.59
a14,epi_a14,38.52655,-111.74905,yes,NA,epiphyte,2,E,3,NA,NA,2727.1
c1,epi_c1,38.5273,-111.74474,no,NA,epiphyte,2,F,3,NA,NA,2701.96
g6,epi_g6,38.52432,-111.75298,yes,NA,epiphyte,2,G,3,NA,NA,2746.83
e6,epi_e6,38.52402,-111.7499,yes,NA,epiphyte,2,H,3,NA,NA,2713.52
a12,epi_a12,38.52712,-111.74876,yes,NA,epiphyte,2,A,4,NA,NA,2727.76
a12,end_a12,38.52712,-111.74876,yes,NA,endophyte,2,B,4,NA,NA,2727.76
a10,epi_a10,38.52759,-111.74859,no,NA,epiphyte,2,C,4,NA,NA,2728.6
a15,epi_a15,38.52631,-111.74897,yes,NA,epiphyte,2,D,4,NA,NA,2722
b4,epi_b4,38.52747,-111.74536,no,NA,epiphyte,2,E,4,NA,NA,2705.43
a16,epi_a16,38.52597,-111.74899,yes,NA,epiphyte,2,F,4,NA,NA,2721.01
d6,epi_d6,38.52564,-111.74675,yes,NA,epiphyte,2,G,4,NA,NA,2700.29
a1,epi_a1,38.52928,-111.74569,no,NA,epiphyte,2,H,4,NA,NA,2726.16
c4,epi_c4,38.52653,-111.74684,yes,NA,epiphyte,2,A,5,NA,NA,2704.5
f5,epi_f5,38.52351,-111.75066,no,NA,epiphyte,2,B,5,NA,NA,2716.06
b1,epi_b1,38.52785,-111.74683,no,NA,epiphyte,2,C,5,NA,NA,2715.84
e5,end_e5,38.52389,-111.74969,yes,NA,endophyte,2,D,5,NA,NA,2711.62
f6,epi_f6,38.52357,-111.75073,no,NA,epiphyte,2,E,5,NA,NA,2717.59
f4,end_f4,38.52332,-111.75043,no,NA,endophyte,2,F,5,NA,NA,2713.27
j8,end_j8,38.52533,-111.7501,yes,NA,endophyte,2,G,5,NA,NA,2727.5
b2,end_b2,38.52767,-111.74645,no,NA,endophyte,2,H,5,NA,NA,2712.91
k2,epi_k2,38.52954,-111.74617,no,NA,epiphyte,2,A,6,NA,NA,2728.53
a10,end_a10,38.52759,-111.74859,no,NA,endophyte,2,B,6,NA,NA,2728.6
b2,epi_b2,38.52767,-111.74645,no,NA,epiphyte,2,C,6,NA,NA,2712.91
a2,end_a2,38.52917,-111.7458,no,NA,endophyte,2,D,6,NA,NA,2724.96
a22,end_a22,38.52383,-111.75158,yes,NA,endophyte,2,E,6,NA,NA,2727.59
a6,end_a6,38.52836,-111.74717,no,NA,endophyte,2,F,6,NA,NA,2723.15
a27,end_a27,38.5218,-111.75351,no,NA,endophyte,2,G,6,NA,NA,2719.19
g6,end_g6,38.52432,-111.75298,yes,NA,endophyte,2,H,6,NA,NA,2746.83
e3,end_e3,38.52375,-111.74891,yes,NA,endophyte,2,A,7,NA,NA,2705.04
k4,end_k4,38.52971,-111.74688,no,NA,endophyte,2,B,7,NA,NA,2732.49
a19,end_a19,38.52452,-111.75043,yes,NA,endophyte,2,C,7,NA,NA,2724.23
e1,end_e1,38.52361,-111.74828,yes,NA,endophyte,2,D,7,NA,NA,2700.5
c2,end_c2,38.5266,-111.74606,yes,NA,endophyte,2,E,7,NA,NA,2702.25
b6,end_b6,38.5273,-111.74474,no,NA,endophyte,2,F,7,NA,NA,2701.96
a8,end_a8,38.52819,-111.74794,no,NA,endophyte,2,G,7,NA,NA,2729.72
NA,end_blank_2,NA,NA,NA,NA,endophyte,2,H,7,NA,NA,NA
i3,end_i3,38.52399,-111.75126,yes,NA,endophyte,2,A,8,NA,NA,2726.81
k3,end_k3,38.5296,-111.74644,no,NA,endophyte,2,B,8,NA,NA,2730.05
a15,end_a15,38.52631,-111.74897,yes,NA,endophyte,2,C,8,NA,NA,2722
c6,end_c6,38.52699,-111.74737,yes,NA,endophyte,2,D,8,NA,NA,2712.02
e6,end_e6,38.52402,-111.7499,yes,NA,endophyte,2,E,8,NA,NA,2713.52
NA,end_blank_1,NA,NA,NA,NA,endophyte,2,F,8,NA,NA,NA
a16,end_a16,38.52597,-111.74899,yes,NA,endophyte,2,G,8,NA,NA,2721.01
g3,end_g3,38.5233,-111.7525,yes,NA,endophyte,2,H,8,NA,NA,2728.83
a18,end_a18,38.5249,-111.7497,yes,NA,endophyte,2,A,9,NA,NA,2720.76
d6,end_d6,38.52564,-111.74675,yes,NA,endophyte,2,B,9,NA,NA,2700.29
j9,end_j9,38.52525,-111.74982,yes,NA,endophyte,2,C,9,NA,NA,2724.22
d5,end_d5,38.52576,-111.7471,yes,NA,endophyte,2,D,9,NA,NA,2702.22
j1,end_j1,38.52624,-111.75306,yes,NA,endophyte,2,E,9,NA,NA,2787.43
j5,end_j5,38.52583,-111.75126,yes,NA,endophyte,2,F,9,NA,NA,2749.71
f5,end_f5,38.52351,-111.75066,no,NA,endophyte,2,G,9,NA,NA,2716.06
a11,end_a11,38.52724,-111.74861,yes,NA,endophyte,2,H,9,NA,NA,2727.18
b5,end_b5,38.52755,-111.74496,no,NA,endophyte,2,A,10,NA,NA,2704.08
c1,end_c1,38.5273,-111.74474,no,NA,endophyte,2,B,10,NA,NA,2701.96
h4,end_h4,38.52346,-111.75186,yes,NA,endophyte,2,C,10,NA,NA,2726.39
k1,epi_k1,38.52937,-111.74583,no,NA,epiphyte,2,D,10,NA,NA,2727.18
h6,epi_h6,38.52331,-111.75155,no,NA,epiphyte,2,E,10,NA,NA,2721.41
f4,epi_f4,38.52332,-111.75043,no,NA,epiphyte,2,F,10,NA,NA,2713.27
c5,epi_c5,38.52682,-111.7472,yes,NA,epiphyte,2,G,10,NA,NA,2709.44
a28,epi_a28,38.52147,-111.7535,no,NA,epiphyte,2,H,10,NA,NA,2714.41
j1,epi_j1,38.52624,-111.75306,yes,NA,epiphyte,2,A,11,NA,NA,2787.43
e5,epi_e5,38.52389,-111.74969,yes,NA,epiphyte,2,B,11,NA,NA,2711.62
h4,epi_h4,38.52346,-111.75186,yes,NA,epiphyte,2,C,11,NA,NA,2726.39
g7,epi_g7,38.52478,-111.75275,yes,NA,epiphyte,2,D,11,NA,NA,2752.56
b6,epi_b6,38.5273,-111.74474,no,NA,epiphyte,2,E,11,NA,NA,2701.96
a3,epi_a3,38.52878,-111.74646,no,NA,epiphyte,2,F,11,NA,NA,2721.89
j3,epi_j3,38.526,-111.75226,yes,NA,epiphyte,2,G,11,NA,NA,2766.97
i4,epi_i4,38.52433,-111.75139,yes,NA,epiphyte,2,H,11,NA,NA,2730.21
NA,NA,NA,NA,NA,NA,NA,2,A,12,NA,NA,NA
NA,NA,NA,NA,NA,NA,NA,2,B,12,NA,NA,NA
NA,NA,NA,NA,NA,NA,NA,2,C,12,NA,NA,NA
NA,NA,NA,NA,NA,NA,NA,2,D,12,NA,NA,NA
NA,NA,NA,NA,NA,NA,NA,2,E,12,NA,NA,NA
NA,NA,NA,NA,NA,NA,NA,2,F,12,NA,NA,NA
NA,NA,NA,NA,NA,NA,NA,2,G,12,NA,NA,NA
NA,NA,NA,NA,NA,NA,NA,2,H,12,NA,NA,NA
